<?xml version="1.0" encoding="UTF-8" ?>

<!DOCTYPE module_updates PUBLIC "-//NetBeans//DTD Autoupdate Catalog 2.6//EN" "http://www.netbeans.org/dtds/autoupdate-catalog-2_6.dtd">
<module_updates timestamp="54/04/06/03/02/2010">


<module autoload="true" codenamebase="com.raelity.jvi" distribution="com-raelity-jvi.nbm" downloadsize="603867" homepage="http://jvi.sourceforge.net/" license="20824F0F" moduleauthor="Ernie Rael" needsrestart="false" releasedate="2010/02/02">
    <manifest AutoUpdate-Show-In-Client="false" OpenIDE-Module="com.raelity.jvi/0" OpenIDE-Module-Implementation-Version="17" OpenIDE-Module-Java-Dependencies="Java &gt; 1.5" OpenIDE-Module-Long-Description="The package com.raelity.jvi is a port from &quot;C&quot; to Java of a subset of vim; this is the editing engine.&#10;com.raelity.jvi.swing is a UI built on javax.swing; it is independent of the editing engine.&#10;com.raelity.jvi.cmd brings up a JFrame containing a JEditorPane with jVi attached." OpenIDE-Module-Name="jVi Core" OpenIDE-Module-Requires="org.openide.modules.ModuleFormat1" OpenIDE-Module-Short-Description="jVi - vi editor clone (jvi.sourceforge.net)" OpenIDE-Module-Specification-Version="1.2.7.17"/>
    
</module>

<module_group name="Editing">

<module codenamebase="org.netbeans.modules.jvi" distribution="org-netbeans-modules-jvi.nbm" downloadsize="115020" homepage="http://jvi.sourceforge.net/" license="20824F0F" moduleauthor="Ernie Rael" needsrestart="true" releasedate="2010/02/02">
    <manifest AutoUpdate-Show-In-Client="true" OpenIDE-Module="org.netbeans.modules.jvi/0" OpenIDE-Module-Display-Category="Editing" OpenIDE-Module-Implementation-Version="100203" OpenIDE-Module-Java-Dependencies="Java &gt; 1.5" OpenIDE-Module-Long-Description="This module is the platform specific bindings that interfaces NetBeans to jVi, jvi.sourceforge.net. jVi provides vi/vim functionality for a standard Java editor UI. As well as integrating jVi into NetBeans, this module adds additional functionality to jVi by registering NetBeans specific colon commands." OpenIDE-Module-Module-Dependencies="com.raelity.jvi/0 = 17, org.netbeans.modules.editor/3 &gt; 1.41.1.3.8.2, org.netbeans.modules.editor.completion/1 &gt; 1.13.2, org.netbeans.modules.editor.fold/1 &gt; 1.5.22, org.netbeans.modules.editor.indent/2 &gt; 1.5, org.netbeans.modules.editor.lib/2 &gt; 2.2.10.2, org.netbeans.modules.editor.lib2/1 &gt; 1.19.0.2, org.netbeans.modules.editor.mimelookup/1 &gt; 1.3.22, org.netbeans.modules.editor.settings/1 &gt; 1.21, org.netbeans.modules.editor.settings.storage/1 &gt; 1.18, org.netbeans.modules.options.api/1 &gt; 1.10.2, org.openide.awt &gt; 6.7.22, org.openide.dialogs &gt; 7.8, org.openide.filesystems &gt; 7.13.1.1.1, org.openide.io &gt; 1.9.22, org.openide.loaders &gt; 5.9.22, org.openide.modules &gt; 6.5.22, org.openide.nodes &gt; 6.7.22, org.openide.text &gt; 6.21.2, org.openide.util &gt; 6.8.22, org.openide.util.lookup &gt; 8.1, org.openide.windows &gt; 6.5.22" OpenIDE-Module-Name="jVi KeyBindings" OpenIDE-Module-Requires="org.netbeans.api.javahelp.Help, org.openide.modules.ModuleFormat1" OpenIDE-Module-Short-Description="jVi - vi/vim editor clone for NetBeans" OpenIDE-Module-Specification-Version="1.2.7.17"/>
    
</module>

</module_group>

<license name="20824F0F" url="licenses/20824F0F.license"/>
</module_updates>

